{"cameraMode":{"drawMode":0,"name":"Shaded","section":"Shading Mode"},"sceneLighting":false,"audioPlay":false,"sceneViewState":{"showFog":false,"showMaterialUpdate":false,"showSkybox":false,"showFlares":true,"showImageEffects":true,"showParticleSystems":true},"in2DMode":false,"pivot":{"x":-6.355069160461426,"y":5.514065265655518,"z":0.021337509155273439},"rotation":{"x":-0.171457901597023,"y":0.3889945149421692,"z":-0.07391563057899475,"w":-0.9021444916725159},"size":15.89766788482666,"orthographic":false}